datetime,Symbol,Open,High,Low,Close,Volume,RSI_14,SMA_20,SMA_50,EMA_20,MACD_12_26_9,MACDh_12_26_9,MACDs_12_26_9,BBL_20_2.0_2.0,BBM_20_2.0_2.0,BBU_20_2.0_2.0,BBB_20_2.0_2.0,BBP_20_2.0_2.0,ATRr_14,Target_Close
2007-04-02 02:30:00,OANDA:SPX500USD,1423.2,1499.6,1417.5,1482.9,182404.0,79.59489649428933,1325.2150000000001,1191.966,1336.6595966921557,75.3991515461014,8.030426644042805,67.36872490205859,1165.9660750263497,1325.2150000000001,1484.4639249736506,24.033673777258848,0.9950896843607916,57.84987987024581,1532.0
2007-05-01 02:30:00,OANDA:SPX500USD,1482.9,1536.2,1477.0,1532.0,213587.0,82.12330646835305,1340.2600000000002,1205.696,1355.2634446262362,81.79658430513791,11.542287522463454,70.25429678267446,1162.6522666453723,1340.2600000000002,1517.8677333546282,26.50347445340873,1.0397850543398188,57.94631702237111,1505.4
2007-06-01 02:30:00,OANDA:SPX500USD,1532.0,1541.3,1479.7,1505.4,204262.0,76.58666169645429,1355.5100000000002,1217.466,1369.5621641856421,83.7547258194245,10.800343229400028,72.95438259002447,1176.0983545409722,1355.5100000000002,1534.9216454590282,26.47146025614388,0.91772650715204,58.20729437791603,1454.8
2007-07-02 02:30:00,OANDA:SPX500USD,1505.4,1556.2,1447.8,1454.8,290420.0,67.29268358775045,1365.71,1227.254,1377.680053310819,80.29794523011128,5.874850112069453,74.42309511804183,1188.1777476299612,1365.71,1543.2422523700388,25.998528585137226,0.7509121548638539,61.792487636636324,1471.1
2007-08-01 02:30:00,OANDA:SPX500USD,1454.8,1503.9,1369.8,1471.1,464908.0,68.61399829916637,1376.905,1237.18,1386.577191090741,77.97484995096147,2.8414038663357104,75.13344608462576,1202.6305947771168,1376.905,1551.1794052228831,25.313933092389547,0.7702490933178971,66.95730994830517,1530.3
2007-09-03 02:30:00,OANDA:SPX500USD,1471.1,1538.7,1439.5,1530.3,214197.0,72.89656792381231,1389.635,1247.9920000000002,1400.2650776535277,79.98866590090438,3.884175853022896,76.10449004788148,1209.3945375178212,1389.635,1569.8754624821788,25.94069125808991,0.8902148220849914,69.26035923771195,1548.5
2007-10-01 02:30:00,OANDA:SPX500USD,1530.3,1578.5,1485.9,1548.5,324523.0,74.06805601424973,1403.045,1258.794,1414.3826893055727,82.10674203375538,4.801801588699121,77.30494044505626,1217.233069330983,1403.045,1588.8569306690172,26.48695240266949,0.8914038228769493,70.92747643501824,1484.0
2007-11-01 02:30:00,OANDA:SPX500USD,1548.5,1549.3,1403.7,1484.0,425373.0,63.57974865144685,1412.285,1268.5500000000002,1421.0129093717087,77.68521487819703,0.30421954651261274,77.38099533168442,1229.867765414875,1412.285,1594.702234585125,25.832921058444292,0.6965685977070717,76.26122811823122,1465.7
2007-12-03 03:30:00,OANDA:SPX500USD,1484.0,1525.7,1435.2,1465.7,227823.0,60.942967324816365,1419.8850000000002,1276.888,1425.2688227648794,71.8759247719538,-4.404056447784498,76.2799812197383,1242.1565344305127,1419.8850000000002,1597.6134655694877,25.034205667288195,0.6288904392810596,77.27828325264328,1369.1
2008-01-01 03:30:00,OANDA:SPX500USD,1465.7,1473.9,1249.8,1369.1,501647.0,49.31627254192015,1424.775,1283.0800000000002,1419.9194110729861,58.799404890743745,-13.984461063195653,72.7838659539394,1259.3005258991657,1424.775,1590.2494741008345,23.228155196551654,0.331771636373131,87.76554873459735,1332.9
2008-02-01 03:30:00,OANDA:SPX500USD,1369.1,1395.1,1308.5,1332.9,400559.0,45.79072690548741,1427.775,1287.5100000000002,1411.631848113654,44.996440255713196,-22.229940558580964,67.22638081429416,1272.002860406026,1427.775,1583.5471395939742,21.820264340526215,0.19546864976209727,87.68229525355467,1321.2
2008-03-03 03:30:00,OANDA:SPX500USD,1332.9,1359.8,1252.6,1321.2,362067.0,44.67899150979119,1430.02,1291.288,1403.019291150449,32.73603844472677,-27.59227389565391,60.328312340380684,1282.3565761712048,1430.02,1577.6834238287952,20.651938270624914,0.1315268968496604,89.07641702115791,1383.2
2008-04-01 02:30:00,OANDA:SPX500USD,1321.2,1405.7,1314.2,1383.2,361873.0,51.41110500258798,1434.035,1296.044,1401.1317396123109,27.703119208828866,-26.100154505241456,53.80327371407032,1296.9360917928984,1434.035,1571.1339082071017,19.12071995552433,0.3146046505227866,89.2495300910752,1400.1
2008-05-01 02:30:00,OANDA:SPX500USD,1383.2,1440.1,1370.0,1400.1,318040.0,53.08695320597458,1437.17,1301.4720000000002,1401.0334786968526,24.792391953252718,-23.208705408654083,48.0010973619068,1306.6663424589974,1437.17,1567.6736575410027,18.161199794179208,0.35797332925955266,87.88170651314125,1283.9
2008-06-02 02:30:00,OANDA:SPX500USD,1400.1,1410.0,1272.1,1283.9,299124.0,42.2872621781096,1432.47,1305.0260000000003,1389.8779092971524,12.959857585456575,-28.03299182116018,40.992849406616756,1287.0593785100086,1432.47,1577.8806214899914,20.302082625114856,-0.01086364420162387,91.4544417622026,1266.9
2008-07-01 02:30:00,OANDA:SPX500USD,1283.9,1294.1,1200.3,1266.9,434428.0,40.97397675621531,1425.76,1307.888,1378.1657274593283,2.1855374102833593,-31.04584959706672,33.23138700735008,1262.914223427905,1425.76,1588.605776572095,22.843364461353246,0.012237887453994048,91.62198163633099,1282.8
2008-08-01 02:30:00,OANDA:SPX500USD,1266.9,1313.2,1245.9,1282.8,322522.0,42.76437191302534,1418.975,1310.716,1369.0832772251065,-5.012411871237418,-30.59503910287,25.582627231632582,1243.9994062131723,1418.975,1593.9505937868275,24.662251806667157,0.11087430237298795,89.88469723373592,1161.2
2008-09-01 02:30:00,OANDA:SPX500USD,1282.8,1303.4,1108.1,1161.2,447783.0,34.216435721979984,1405.2200000000003,1311.85,1349.2848698703344,-20.294994221474553,-36.702097162485714,16.407102941011157,1196.065324422834,1405.2200000000003,1614.3746755771665,29.768246335401745,-0.08334818317262678,97.4143617170405,963.5
2008-10-01 02:30:00,OANDA:SPX500USD,1161.2,1170.0,823.1,963.5,806734.0,25.34597838266756,1383.1350000000002,1309.022,1312.5434536922073,-47.80818558736996,-51.37223082270489,3.564045235334934,1095.438674172337,1383.1350000000002,1670.8313258276635,41.60061394262501,-0.22930197977462402,115.23476445153761,893.7
2008-11-03 03:30:00,OANDA:SPX500USD,963.5,1006.6,738.1,893.7,569250.0,23.071792221416807,1356.6600000000003,1304.612,1272.6536009596161,-74.38737328899902,-62.36113481946716,-12.026238469531856,996.2285369186714,1356.6600000000003,1717.0914630813293,53.135120528552314,-0.14223028151060224,126.18228127642779,896.1
2008-12-01 03:30:00,OANDA:SPX500USD,893.7,919.2,812.4,896.1,419567.0,23.326535387867732,1327.3200000000002,1299.9660000000001,1236.7913532491766,-94.17235085250877,-65.71688990638152,-28.455460946127243,917.9459587074306,1327.3200000000002,1736.6940412925696,61.68430239769904,-0.02668214945731963,124.7978326138258,828.5
2009-01-01 03:30:00,OANDA:SPX500USD,896.1,946.5,800.4,828.5,466643.0,21.19732701406599,1292.145,1292.996,1197.9064624635407,-113.99280505921888,-68.42987529047332,-45.56292976874557,838.3375681989171,1292.145,1745.9524318010829,70.24094537394532,-0.0108389236375807,126.31941599855254,733.9
2009-02-02 03:30:00,OANDA:SPX500USD,828.5,875.1,731.5,733.9,445557.0,18.634004530736537,1253.5700000000002,1283.5140000000001,1153.7153708003464,-135.76902638858746,-72.16487729587351,-63.60414909271395,747.89279861556,1253.5700000000002,1759.2472013844404,80.67793603619106,-0.013835702477045223,127.55374342722736,792.3
2009-03-02 03:30:00,OANDA:SPX500USD,733.9,834.2,666.3,792.3,440516.0,24.688653299768003,1220.4450000000002,1275.7620000000002,1119.2948592955515,-146.6242536251175,-66.41608362592282,-80.20816999919467,684.3870711782812,1220.4450000000002,1756.5029288217193,87.84630668677721,0.10065416722677392,130.43561889671113,868.5
2009-04-01 02:30:00,OANDA:SPX500USD,792.3,889.3,782.2,868.5,458609.0,31.817893315033395,1190.315,1269.046,1095.409634600737,-147.37949714518948,-53.73706171679585,-93.64243542839363,645.9018431343522,1190.315,1734.7281568656479,91.47379590539443,0.20443862722496742,128.76878897551748,923.0
2009-05-01 02:30:00,OANDA:SPX500USD,868.5,930.6,864.7,923.0,405784.0,36.45145200864464,1159.95,1263.916,1078.9896694006668,-141.94409537720935,-38.641327959052575,-103.30276741815678,627.7729716779543,1159.95,1692.1270283220458,91.7586151682479,0.2773767117052164,124.27816119155194,920.1
2009-06-01 02:30:00,OANDA:SPX500USD,923.0,958.2,888.8,920.1,319145.0,36.31004944866481,1128.53,1259.19,1063.8573199339367,-136.29933222135946,-26.39725184256214,-109.90208037879732,619.2329732330224,1128.53,1637.8270267669775,90.25848258654666,0.2953748117055428,120.35829253501252,984.6
2009-07-01 02:30:00,OANDA:SPX500USD,920.1,997.0,869.0,984.6,376352.0,41.72473335512201,1103.56,1255.054,1056.3090037497523,-125.17822909673225,-12.220918974347939,-112.95731012238431,619.2898822481739,1103.56,1587.830117751826,87.76507262891481,0.37717598542703873,120.90412878251163,1021.3
2009-08-03 02:30:00,OANDA:SPX500USD,984.6,1040.0,977.3,1021.3,351907.0,44.610244008599615,1081.3400000000001,1251.6260000000002,1052.9748129164425,-112.11094626009572,0.6770910898308813,-112.7880373499266,627.1883656889835,1081.3400000000001,1535.4916343110167,83.99793484214337,0.4338987295607936,116.74669101233224,1057.2
2009-09-01 02:30:00,OANDA:SPX500USD,1021.3,1081.2,991.9,1057.2,285551.0,47.35623087794951,1065.745,1248.028,1053.3772116863051,-97.73161131674692,12.045140826543744,-109.77675214329066,632.2480930724089,1065.745,1499.241906927591,81.35096236484169,0.49014410499424027,114.78621308287994,1035.0
2009-10-01 02:30:00,OANDA:SPX500USD,1057.2,1102.8,1016.6,1035.0,379179.0,45.84272997006633,1050.85,1244.3020000000001,1051.627001049514,-87.12294022076992,18.123049538016602,-105.24598975878652,635.9297946085245,1050.85,1465.7702053914754,78.96849319911986,0.48089994197192015,112.74434071981709,1094.9
2009-11-02 03:30:00,OANDA:SPX500USD,1035.0,1114.3,1028.8,1094.9,332579.0,50.44480095091863,1039.5349999999999,1241.5780000000002,1055.7482390447985,-73.0401017242549,25.764710427625303,-98.8048121518802,643.7559852375764,1039.5349999999999,1435.3140147624233,76.14539477024314,0.5699443350138643,110.7983163826873,1117.1
2009-12-01 03:30:00,OANDA:SPX500USD,1094.9,1132.5,1085.6,1117.1,224682.0,52.07039186166943,1026.23,1239.9120000000003,1061.591263897675,-59.403232797079454,31.5212634838406,-90.92449628092005,662.5021891014501,1026.23,1389.95781089855,70.88621671526849,0.6249148364205578,106.23415092678108,1071.5
2010-01-01 03:30:00,OANDA:SPX500USD,1117.1,1151.7,1069.0,1071.5,301348.0,48.54760476750531,1009.8000000000001,1236.3260000000002,1062.5349530502774,-51.67972314989538,31.395818504819744,-83.07554165471512,690.1663873811328,1009.8000000000001,1329.4336126188673,63.30632058206916,0.5965167578817365,104.55314014629673,1106.3
2010-02-01 03:30:00,OANDA:SPX500USD,1071.5,1114.1,1042.8,1106.3,327573.0,51.25779518569024,1000.9200000000001,1233.508,1066.703052759775,-42.26352928785764,32.649609893486,-74.91313918134364,704.3106797787639,1000.9200000000001,1297.5293202212363,59.26733809320149,0.6776410800601252,102.17791585013268,1171.5
2010-03-01 03:30:00,OANDA:SPX500USD,1106.3,1181.4,1105.2,1171.5,253343.0,55.94040279121987,996.1500000000001,1231.424,1076.683714401701,-29.20339416189813,36.56779601555641,-65.77119017745454,714.8790910696152,996.1500000000001,1277.420908930385,56.47159743620635,0.8117101599074353,100.32235043226606,1188.9
2010-04-01 02:30:00,OANDA:SPX500USD,1171.5,1220.0,1170.3,1188.9,314852.0,57.12421022999692,991.4550000000002,1229.596,1087.370979696777,-17.250258161082,38.816745613098036,-56.06700377418004,727.7439262449317,991.4550000000002,1255.1660737550687,53.19678124676732,0.8743585682400737,96.70646825853278,1091.5
2010-05-03 02:30:00,OANDA:SPX500USD,1188.9,1204.7,1038.2,1091.5,499778.0,49.16151344525775,987.9700000000001,1225.442,1087.7642197256555,-15.45848199906277,32.486817420093814,-47.945299419156584,731.9747278397128,987.9700000000001,1243.9652721602874,51.822478852654896,0.7022107657034702,101.69172052578044,1029.0
2010-06-01 02:30:00,OANDA:SPX500USD,1091.5,1134.4,1027.0,1029.0,369617.0,44.84203758061833,991.2450000000001,1219.748,1082.1676273708313,-18.8642587154402,23.264832562973105,-42.129091278413306,734.8921717996576,991.2450000000001,1247.5978282003425,51.723404042460224,0.573638742870615,102.09945477393899,1103.1
2010-07-01 02:30:00,OANDA:SPX500USD,1029.0,1121.6,1006.9,1103.1,375804.0,50.40569626057748,1001.7150000000001,1216.384,1084.1611866688472,-15.406513878238002,21.378061920140247,-36.78457579837825,745.0322076380355,1001.7150000000001,1258.3977923619648,51.24866700847339,0.6974908389204181,102.99949371865763,1053.6
2010-08-02 02:30:00,OANDA:SPX500USD,1103.1,1130.2,1038.4,1053.6,354391.0,46.9954938545575,1009.5900000000001,1211.998,1081.2505974622904,-16.470599673840525,16.251180899630178,-32.7217805734707,756.9175563313794,1009.5900000000001,1262.2624436686208,50.05446640093913,0.5870890378092017,102.19952988161066,1142.5
2010-09-01 02:30:00,OANDA:SPX500USD,1053.6,1160.1,1051.6,1142.5,274276.0,53.12871524429639,1025.29,1209.3220000000001,1087.0838738944533,-10.024848092915363,18.157545984444273,-28.182394077359636,781.116783657695,1025.29,1269.463216342305,47.63007858114388,0.7400140395326651,102.64956346149562,1184.7
2010-10-01 02:30:00,OANDA:SPX500USD,1142.5,1197.6,1133.1,1184.7,323080.0,55.74641414003672,1047.8300000000002,1206.958,1096.3806478092672,-1.4941327734677543,21.350609043113508,-22.844741816581262,835.8021756094539,1047.8300000000002,1259.8578243905463,40.46989003761033,0.822764241894713,99.92459464281737,1179.2
2010-11-01 02:30:00,OANDA:SPX500USD,1184.7,1228.3,1173.6,1179.2,341970.0,55.3128297572243,1067.1750000000002,1203.794,1104.2682051607655,4.767756810412493,22.089998901595006,-17.322242091182513,884.7827347554137,1067.1750000000002,1249.5672652445867,34.18225975019776,0.8070990972390613,96.69426645404471,1261.8
2010-12-01 03:30:00,OANDA:SPX500USD,1179.2,1262.7,1177.7,1261.8,206447.0,60.30607380781805,1086.8400000000001,1201.4720000000002,1119.2712332406927,16.20863603641078,26.824702502074636,-10.616066465663854,909.9125108383333,1086.8400000000001,1263.767489161667,32.558148239237944,0.9944398432064185,95.85896170732723,1284.7
2011-01-03 03:30:00,OANDA:SPX500USD,1261.8,1302.2,1259.2,1284.7,287026.0,61.58755434911608,1104.9250000000002,1199.1440000000002,1135.0263538844363,26.814354677447454,29.944336914489046,-3.1299822370415926,924.6010006631362,1104.9250000000002,1285.2489993368642,32.6400433218298,0.9984777419010139,92.08332158537529,1328.2
2011-02-01 03:30:00,OANDA:SPX500USD,1284.7,1344.3,1283.7,1328.2,278592.0,63.96726237604075,1125.3300000000002,1197.3380000000002,1153.4238439906806,38.28818717766194,33.13453553176282,5.153651645899114,940.7572632323668,1125.3300000000002,1309.9027367676335,32.803308677034,1.0495665382461163,89.83451290070562,1327.7
2011-03-01 03:30:00,OANDA:SPX500USD,1328.2,1337.5,1246.6,1327.7,330657.0,63.918245910092296,1142.4850000000001,1195.1660000000002,1170.0215731344254,46.80143842794223,33.31822942563449,13.483209002307737,949.403885057684,1142.4850000000001,1335.5661149423163,33.80020130545542,0.979630025068308,89.9106191220838,1367.2
2011-04-01 02:30:00,OANDA:SPX500USD,1327.7,1367.4,1294.8,1367.2,277520.0,66.12653358244845,1159.78,1194.4060000000002,1188.8004709311467,56.08901204650442,34.084642435357345,22.004369611147077,951.0695775936136,1159.78,1368.4904224063862,35.99138153897916,0.9969085817768278,88.67414632764925,1345.3
2011-05-02 02:30:00,OANDA:SPX500USD,1367.2,1376.5,1304.2,1345.3,320857.0,63.795286526777375,1174.185,1192.848,1203.7051879853232,60.979401496414766,31.18002550821415,29.799375988200616,955.7430888970355,1174.185,1392.6269111029644,37.207409582470305,0.891671632829067,87.50456444710288,1319.3
2011-06-01 02:30:00,OANDA:SPX500USD,1345.3,1349.0,1258.1,1319.3,296632.0,61.043796179331444,1188.4,1189.576,1214.7142177010066,62.04190717373581,25.794024948428152,36.247882225307656,971.0960896033301,1188.4,1405.70391039667,36.5708364854712,0.801191082482255,87.74709555802411,1295.9
2011-07-01 02:30:00,OANDA:SPX500USD,1319.3,1359.6,1281.9,1295.9,541656.0,58.594380134701815,1198.45,1184.854,1222.4461969675774,60.30065769387352,19.242220374852685,41.05843731902083,980.7618357785498,1198.45,1416.1381642214503,36.32828473802833,0.7238293486201343,87.0294458753081,1219.5
2011-08-01 02:30:00,OANDA:SPX500USD,1295.9,1313.0,1079.2,1219.5,1563332.0,51.349672157508046,1203.57,1179.136,1222.1656067801891,52.1546570165583,8.876975758029978,43.277681258528325,989.1456092035681,1203.57,1417.9943907964316,35.63139506575135,0.5371459607296345,97.51305688421466,1127.9
2011-09-01 02:30:00,OANDA:SPX500USD,1219.5,1229.5,1108.1,1127.9,957463.0,44.28056068668146,1206.3899999999999,1172.598,1213.1879299439806,37.870985180866455,-4.325356862129496,42.19634204299595,997.8769394473034,1206.3899999999999,1414.9030605526964,34.568101617668674,0.31178637013923793,99.21926710677077,1246.7
2011-10-03 02:30:00,OANDA:SPX500USD,1127.9,1293.5,1073.1,1246.7,1034557.0,53.26645889947503,1213.4099999999999,1168.1100000000001,1216.3795556636014,35.72541909671054,-5.176738357028334,40.90215745373887,1009.6865868815478,1213.4099999999999,1417.133413118452,33.57866065360465,0.5817039128944993,107.87503374200143,1245.5
2011-11-01 02:30:00,OANDA:SPX500USD,1246.7,1278.4,1149.1,1245.5,967739.0,53.17317711268166,1217.11,1162.414,1219.152931314687,33.541566249047264,-5.888472963753287,39.43003921280055,1013.9041888522612,1217.11,1420.3158111477387,33.39152765941267,0.5698552857313696,109.40538847471564,1258.9
2011-12-01 03:30:00,OANDA:SPX500USD,1245.5,1272.7,1201.9,1258.9,499694.0,54.13899410467706,1220.6100000000001,1156.622,1222.938366427574,32.51727622596036,-5.530210389472153,38.04748661543251,1017.039007339868,1220.6100000000001,1424.1809926601322,33.35561607067484,0.5940458154171461,106.64786072652166,1309.8
2012-01-02 03:30:00,OANDA:SPX500USD,1258.9,1333.8,1258.9,1309.8,513980.0,57.70730871924187,1231.525,1153.1380000000001,1231.2109029582812,35.404601407576365,-2.1143081662849212,37.518909573861286,1033.7754627725158,1231.525,1429.2745372274844,32.1145794405285,0.6979144960272523,104.38015638891297,1361.6
2012-02-01 03:30:00,OANDA:SPX500USD,1309.8,1378.4,1307.3,1361.6,458032.0,61.030399298195334,1248.1550000000002,1151.056,1243.6289122003495,41.39547325747412,3.101250946890268,38.294222310583855,1066.8613042870402,1248.1550000000002,1429.4486957129602,29.049868920600407,0.8128762959844332,102.00300236113348,1409.45
2012-03-01 03:30:00,OANDA:SPX500USD,1361.6,1424.95,1339.4,1409.45,82369.0,63.8556328056595,1263.4725,1151.863,1259.421396752697,49.43452700588432,8.912243756240372,40.52228324964395,1082.0147900508214,1263.4725,1444.9302099491788,28.723650091185792,0.9022355953926792,100.8277879067668,1398.15
2012-04-02 02:30:00,OANDA:SPX500USD,1409.45,1422.55,1356.75,1398.15,120311.0,62.69958905158417,1280.7,1153.1680000000001,1272.6336446810117,54.26815000528404,10.996693404512072,43.27145660077197,1118.7652470575674,1280.7,1442.6347529424327,25.288475512209356,0.8626460591870394,98.32580305628346,1307.5
2012-05-01 02:30:00,OANDA:SPX500USD,1398.15,1414.55,1288.95,1307.5,203577.0,54.21942904408114,1288.95,1152.894,1275.9542499494867,50.20539708452543,5.547152387002768,44.65824469752266,1140.4016878162797,1288.95,1437.4983121837204,23.049507301869014,0.5624375993483448,100.27395998083463,1364.35
2012-06-01 02:30:00,OANDA:SPX500USD,1307.5,1365.35,1262.8,1364.35,226035.0,58.051254141855296,1297.9325,1152.517,1284.3728928114404,50.985230014591934,5.061588253655415,45.92364176093652,1154.281060470325,1297.9325,1441.5839395296748,22.135425305965438,0.7311758942947445,100.43653426791788,1376.6
2012-07-02 02:30:00,OANDA:SPX500USD,1364.35,1391.25,1324.75,1376.6,195515.0,58.85049809398128,1307.8025,1152.047,1293.1564268293985,51.99238994538928,4.854998547562204,47.13739139782707,1171.5654176572557,1307.8025,1444.0395823427443,20.834504039064665,0.7524918282781469,98.01249610592374,1407.35
2012-08-01 02:30:00,OANDA:SPX500USD,1376.6,1426.95,1352.85,1407.35,151460.0,60.86611086989587,1315.08,1154.516,1304.0320052265986,54.64196094592421,6.00365563847771,48.6383053074465,1173.7354698245208,1315.08,1456.424530175479,21.495959207877714,0.8264010283434627,96.30446066978635,1440.75
2012-09-03 02:30:00,OANDA:SPX500USD,1407.35,1475.15,1395.9,1440.75,105322.0,62.98683774896561,1322.8825000000002,1157.993,1317.0527666335893,58.759522716190304,8.096973926995041,50.66254878919526,1171.7121629103776,1322.8825000000002,1474.0528370896227,22.854688468495503,0.8898499608759923,95.08628490765875,1404.9
2012-10-01 02:30:00,OANDA:SPX500USD,1440.75,1471.15,1396.5,1404.9,132634.0,59.27386023659223,1326.7175000000002,1160.435,1325.4191698113427,58.45607939983256,6.234824488509837,52.221254911322724,1171.1515137467447,1326.7175000000002,1482.2834862532557,23.451260159492197,0.7512840431349876,93.62655027139742,1415.45
2012-11-01 02:30:00,OANDA:SPX500USD,1404.9,1434.6,1342.55,1415.45,116771.0,60.020747690794934,1331.105,1165.52,1333.993534591215,58.393768204397475,4.9380106344598005,53.455757569937674,1170.5525494786152,1331.105,1491.6574505213848,24.1231834485461,0.7626711698454135,93.51393953772617,1411.65
2012-12-03 03:30:00,OANDA:SPX500USD,1415.45,1452.05,1388.45,1411.65,115198.0,59.596791853380175,1333.3275000000003,1174.4829999999997,1341.3893884396707,57.376358940687396,3.1364810965997734,54.23987784408762,1169.4745284386813,1333.3275000000003,1497.1804715613193,24.57805326318087,0.7390023789427859,91.37722957074573,1498.75
2013-01-01 03:30:00,OANDA:SPX500USD,1411.65,1509.15,1411.65,1498.75,99379.0,65.59545269120684,1341.0,1186.5839999999998,1356.3761133501782,62.87352992848514,6.906921667518013,55.96660826096713,1161.1925298665535,1341.0,1520.8074701334465,26.816923211550556,0.938663643626496,91.81457031569246,1510.25
2013-02-01 03:30:00,OANDA:SPX500USD,1498.75,1531.65,1483.15,1510.25,132071.0,66.30674128166268,1350.5475000000001,1198.867,1371.0307692215897,67.38130172885667,9.13175477431163,58.24954695454504,1155.9236915494657,1350.5475000000001,1545.1713084505345,28.821468100978958,0.9102851066152831,88.72067243600014,1568.25
2013-03-01 03:30:00,OANDA:SPX500USD,1510.25,1568.75,1500.65,1568.25,149981.0,69.70823314687361,1364.165,1213.662,1389.8135531052478,74.77193431628325,13.217909889390562,61.55402442689269,1148.650032636024,1364.165,1579.679967363976,31.596612926438663,0.9734821959147917,87.24776726200012,1596.05
2013-04-01 02:30:00,OANDA:SPX500USD,1568.25,1596.45,1534.05,1596.05,224903.0,71.20857776333978,1382.9925000000003,1230.905,1409.4551194761766,81.92787797519259,16.29908283863992,65.62879513655267,1155.2460914547407,1382.9925000000003,1610.7389085452598,32.93530638022397,0.9677516132107506,85.47292674328584,1630.45
2013-05-01 02:30:00,OANDA:SPX500USD,1596.05,1687.35,1578.85,1630.45,247271.0,72.99124127026734,1408.1200000000001,1247.6680000000001,1430.5022509546359,89.34489505296824,18.97287993313246,70.37201511983578,1188.1151043606883,1408.1200000000001,1628.124895639312,31.24803221874724,1.0052842105034336,87.117717690194,1604.05
2013-06-03 02:30:00,OANDA:SPX500USD,1630.45,1654.65,1558.35,1604.05,403187.0,69.43793050261752,1425.9875,1262.3790000000001,1447.0306080065752,92.03178997085001,17.327819880811376,74.70397009003864,1203.155285861433,1425.9875,1648.819714138567,31.253038913534237,0.8995438915516785,87.7735949980373,1688.95
2013-07-01 02:30:00,OANDA:SPX500USD,1604.05,1699.4,1598.4,1688.95,235532.0,73.84722118207961,1448.1599999999999,1277.6979999999999,1470.070550101187,99.86076131710092,20.125432981649823,79.7353283354511,1213.0346927588082,1448.1599999999999,1683.2853072411915,32.472283068333844,1.012046114527769,88.71833821246321,1634.55
2013-08-01 02:30:00,OANDA:SPX500USD,1688.95,1707.95,1626.35,1634.55,230188.0,67.16102409537449,1466.9425,1291.987,1485.7352596153598,100.51695526282901,16.62530154190233,83.89165372092668,1235.4872359923654,1466.9425,1698.3977640076348,31.55614674844238,0.8620732082258263,88.20988548300156,1683.85
2013-09-02 02:30:00,OANDA:SPX500USD,1634.55,1733.85,1631.95,1683.85,198755.0,69.82722557509511,1485.645,1305.972,1504.6033301281827,103.81833849366649,15.941347818191844,87.87699067547464,1247.306788517591,1485.645,1723.983211482409,32.08548630156046,0.9158061746943772,89.1877508056443,1759.75
2013-10-01 02:30:00,OANDA:SPX500USD,1683.85,1777.15,1645.35,1759.75,273720.0,73.40696057178613,1505.5525,1320.741,1528.9030129731177,111.27647819311255,18.719590014110324,92.55688817900223,1245.3321652733205,1505.5525,1765.7728347266795,34.568085101871844,0.988427432596677,92.23148289095543,1805.85
2013-11-01 02:30:00,OANDA:SPX500USD,1759.75,1814.05,1739.55,1805.85,232497.0,75.32204789497041,1525.3725,1335.714,1555.2789164994874,119.52913490130413,21.57779737784152,97.95133752346261,1237.099709829589,1525.3725,1813.6452901704108,37.79703517277398,0.9864793167509796,90.96494839874434,1847.15
2013-12-02 03:30:00,OANDA:SPX500USD,1805.85,1849.25,1761.0,1847.15,200469.0,76.92526085096955,1547.8225000000002,1351.9569999999999,1583.0761625471553,127.9273230926076,23.980788455315974,103.94653463729162,1232.592975476073,1547.8225000000002,1863.0520245239275,40.7319992471911,0.9747770699017752,90.77102351311974,1782.75
2014-01-01 03:30:00,OANDA:SPX500USD,1847.15,1850.35,1764.65,1782.75,305014.0,69.35862127670421,1571.585,1365.714,1602.0927184950453,127.91191699641968,19.172305887302443,108.73961110911723,1261.0171836920024,1571.585,1882.1528163079977,39.52287866173292,0.8399660056703726,90.4088075478969,1861.35
2014-02-03 03:30:00,OANDA:SPX500USD,1782.75,1867.95,1735.15,1861.35,367223.0,72.86661930196215,1596.435,1380.5990000000002,1626.7838881621838,132.71224649944702,19.178108312263817,113.5341381871832,1276.2982823308103,1596.435,1916.5717176691896,40.10645189678122,0.9137529145809313,93.43674986590426,1870.3
2014-03-03 03:30:00,OANDA:SPX500USD,1861.35,1888.7,1831.15,1870.3,498420.0,73.24227108940184,1621.1200000000001,1396.575,1649.9758988134045,135.67475825823544,17.712496056841786,117.96226220139366,1296.2545745826721,1621.1200000000001,1945.985425417328,40.079133613468215,0.8835126493992069,90.87341058976824,1883.2
2014-04-01 02:30:00,OANDA:SPX500USD,1870.3,1898.6,1808.6,1883.2,515641.0,73.80519294882527,1644.9125,1412.1129999999998,1672.1877179740327,137.47872321730642,15.613168812730208,121.86555440457622,1316.2885782084072,1644.9125,1973.5364217915926,39.95640154617255,0.862553490781961,90.81102411907051,1922.05
2014-05-01 02:30:00,OANDA:SPX500USD,1883.2,1923.85,1858.1,1922.05,426513.0,75.47834221603848,1668.9775,1427.1239999999998,1695.9841257860296,140.42452227962895,14.84717430004217,125.57734797958678,1332.8978188543672,1668.9775,2005.0571811456327,40.273722221615664,0.8765066949857295,89.02095096770833,1960.95
2014-06-02 02:30:00,OANDA:SPX500USD,1922.05,1967.15,1915.05,1960.95,289668.0,77.05844587984035,1696.78,1442.565,1721.218970949265,144.23533895490027,14.92639278025078,129.3089461746495,1360.684209456507,1696.78,2032.875790543493,39.61571807111034,0.8929980788703373,86.3837401843006,1928.55
2014-07-01 02:30:00,OANDA:SPX500USD,1960.95,1990.55,1927.75,1928.55,381903.0,72.84795061194825,1722.435,1459.3059999999998,1740.9647832398111,142.99269858418802,10.947001927630822,132.0456966565572,1398.651774759143,1722.435,2046.2182252408568,37.595987684975846,0.8182916592523819,84.69918731399342,2001.85
2014-08-01 02:30:00,OANDA:SPX500USD,1928.55,2005.45,1893.75,2001.85,394985.0,76.03788489138235,1751.9450000000002,1478.763,1765.810994359829,146.23686697084713,11.352936251431942,134.8839307194152,1440.0618860985815,1751.9450000000002,2063.828113901419,35.60421290638903,0.9006388753688517,86.62781679156532,1969.05
2014-09-01 02:30:00,OANDA:SPX500USD,2001.85,2022.75,1962.95,1969.05,269031.0,71.96364296750367,1775.46,1496.0819999999999,1785.1670901350833,144.49555312027132,7.689297920684908,136.80625519958642,1473.1860277235357,1775.46,2077.7339722764646,34.05021484871125,0.8202227412139531,84.71154416359637,2014.75
2014-10-01 02:30:00,OANDA:SPX500USD,1969.05,2021.15,1818.55,2014.75,1159701.0,74.04996690655388,1800.6850000000002,1515.3049999999998,1807.0321291698374,145.13018696246672,6.659145410304234,138.4710415521625,1507.5341566661086,1800.6850000000002,2093.8358433338917,32.55992506561575,0.8651106672004096,93.13214815191093,2068.6
2014-11-03 03:30:00,OANDA:SPX500USD,2014.75,2077.3,1999.45,2068.6,320787.0,76.28901746854632,1825.7025000000003,1533.827,1831.9433549631863,148.2692284403979,7.8385495105883365,140.43067892980957,1530.677918553135,1825.7025000000003,2120.7270814468657,32.31902037126698,0.9116563759005722,92.04056614106015,2074.85
2014-12-01 03:30:00,OANDA:SPX500USD,2068.6,2095.25,1968.85,2074.85,531677.0,76.54200312694614,1849.6425,1551.63,1855.0773211571686,149.53748910327408,7.2854481387716135,142.25204096450247,1555.3782519882882,1849.6425,2143.906748011712,31.818499846506757,0.8826620147056338,94.49481141669872,1993.85
2015-01-01 03:30:00,OANDA:SPX500USD,2074.85,2074.85,1975.15,1993.85,919316.0,66.62116707398846,1867.8125,1567.923,1868.2937667612478,142.3654712282821,0.09074421102369001,142.2747270172584,1585.9178390565467,1867.8125,2149.7071609434533,30.184470972697028,0.7235542517516541,94.86661060122023,2106.05
2015-02-02 03:30:00,OANDA:SPX500USD,1993.85,2119.35,1977.35,2106.05,537669.0,72.02926815434894,1892.9125,1584.808,1890.937217545891,144.07439772248176,1.4397365641786735,142.6346611583031,1620.673015886233,1892.9125,2165.151984113767,28.76408540952283,0.8914522184278962,98.23328127256164,2065.35
2015-03-02 03:30:00,OANDA:SPX500USD,2106.05,2116.75,2039.05,2065.35,475243.0,67.74165410667958,1911.7325,1600.421,1907.5479587319965,140.52470312138485,-1.6879664295346117,142.21266955091946,1646.9214486425158,1911.7325,2176.5435513574844,27.703776690251832,0.7900511500795002,96.76661832452153,2086.65
2015-04-01 02:30:00,OANDA:SPX500USD,2065.35,2124.35,2040.45,2086.65,526909.0,68.78875295466752,1934.3375,1615.59,1924.605295995616,137.8413275436435,-3.497073605820759,141.33840114946426,1693.0080617560063,1934.3375,2175.6669382439936,24.952154238233362,0.8155696650775073,95.84757415848428,2108.6
2015-05-01 02:30:00,OANDA:SPX500USD,2086.65,2136.65,2060.85,2108.6,406449.0,69.87399530043214,1955.575,1631.208,1942.1286011388906,135.91912357198134,-4.33542206198635,140.2545456339677,1733.0335467355435,1955.575,2178.1164532644566,22.75969505280611,0.8438123499134181,94.41560457573541,2064.15
2015-06-01 02:30:00,OANDA:SPX500USD,2108.6,2130.35,2054.45,2064.15,687000.0,64.94895591107448,1970.795,1645.147,1953.7496867447105,129.31831848225193,-8.748981721372616,138.06730020362454,1763.5319078479606,1970.795,2178.0580921520395,21.033450171330802,0.7252089338016793,93.09306139175432,2104.4
2015-07-01 02:30:00,OANDA:SPX500USD,2064.15,2132.0,2041.45,2104.4,491098.0,67.20321683642705,1985.7225,1660.3290000000002,1968.0973356261666,125.88386072269464,-9.746751584743947,135.63061230743858,1785.5976508761448,1985.7225,2185.8473491238556,20.15637624329234,0.7965086557705573,92.91141414948615,1966.8
2015-08-03 02:30:00,OANDA:SPX500USD,2104.4,2111.1,1833.0,1966.8,1490713.0,54.3373533806144,1991.705,1673.2790000000002,1967.973779852246,110.78183415070293,-19.879022525388535,130.66085667609147,1802.1475072632702,1991.705,2181.2624927367297,19.03469567398081,0.4343075294982148,106.1391702816657,1911.3
2015-09-01 02:30:00,OANDA:SPX500USD,1966.8,2022.0,1869.5,1911.3,1608169.0,50.16563997032053,1998.1325000000002,1685.587,1962.5762770091749,93.25994057833691,-29.92073287820365,123.18067345654056,1831.0184693597039,1998.1325000000002,2165.2465306402964,16.727021920748122,0.24019985136106742,109.45065811868957,2079.65
2015-10-01 02:30:00,OANDA:SPX500USD,1911.3,2100.45,1891.3,2079.65,928218.0,60.15788710687796,2009.0475000000001,1702.79,1973.7261553892536,91.89879956775576,-25.02549911102784,116.9242986787836,1851.2957780976333,2009.0475000000001,2166.799221902367,15.704130629302389,0.7237772721228868,116.57203968164032,2087.55
2015-11-02 03:30:00,OANDA:SPX500USD,2079.65,2115.4,2002.5,2087.55,668745.0,60.55755272499741,2019.91,1721.9830000000002,1984.566521542658,90.41529821111521,-21.207200374134715,111.62249858524993,1872.82712110799,2019.91,2166.99287889201,14.563310136789267,0.7299383874912531,116.30975113295173,2057.75
2015-12-01 03:30:00,OANDA:SPX500USD,2087.55,2106.75,1992.3,2057.75,1040720.0,58.18645117956469,2028.6375000000003,1738.2040000000002,1991.5363766338335,85.84542907743821,-20.621655606249377,106.46708468368759,1895.6734135349793,2028.6375000000003,2161.6015864650212,13.108708329114585,0.6094750498949895,116.17691176631233,1935.55
2016-01-01 03:30:00,OANDA:SPX500USD,2043.35,2050.55,1809.25,1935.55,2075732.0,49.608601235779275,2029.3125,1752.005,1986.2043407639446,71.53860364133857,-27.942784833879216,99.48138847521778,1898.5071770960606,2029.3125,2160.1178229039397,12.891589925547649,0.14159524276830385,125.62856092586145,1930.15
2016-02-01 03:30:00,OANDA:SPX500USD,1935.55,1970.55,1806.25,1930.15,1980763.0,49.26299258685948,2027.7725,1765.43,1980.8658321197595,59.08352840061866,-32.318288059679304,91.40181646029797,1892.91585691478,2027.7725,2162.6291430852198,13.300963799954861,0.1380508302497589,128.3908065740142,2060.65
2016-03-01 03:30:00,OANDA:SPX500USD,1930.15,2073.05,1922.45,2060.65,1235238.0,57.05032839918582,2034.3775,1780.4470000000001,1988.46432429883,59.0622184154322,-25.87167843589262,84.93389685132482,1907.2652020525647,2034.3775,2161.4897979474354,12.496431753441563,0.603343659206226,129.9771775330132,2065.75
2016-04-01 02:30:00,OANDA:SPX500USD,2060.65,2111.45,2033.45,2065.75,926836.0,57.325987214881266,2037.5725000000002,1794.5300000000002,1995.8248648417987,58.77928645079396,-20.923688320424688,79.70297477121865,1910.6905968691394,2037.5725000000002,2164.454403130861,12.454222181626497,0.6110382935024968,126.26452199494081,2096.65
2016-05-02 02:30:00,OANDA:SPX500USD,2065.75,2105.65,2025.15,2096.65,654338.0,59.04125399621956,2043.9525000000003,1808.2740000000001,2005.4272586663892,60.35272395484321,-15.480200653100354,75.83292460794357,1918.7570213738736,2043.9525000000003,2169.147978626127,12.250331514663545,0.7104608751781331,122.99562756673075,2094.35
2016-06-01 02:30:00,OANDA:SPX500USD,2096.65,2127.35,1989.35,2094.35,784351.0,58.8516354685134,2047.9325000000001,1822.198,2013.896091174352,60.71421802263308,-12.094965268248401,72.80918329088148,1921.5901277477753,2047.9325000000001,2174.2748722522247,12.338528955639374,0.6836972789593262,124.0673684548214,2176.75
2016-07-01 02:30:00,OANDA:SPX500USD,2094.35,2178.15,2073.35,2176.75,414838.0,63.38823015479269,2053.34,1839.583,2029.4059872529851,66.87875932334987,-4.744339174025285,71.62309849737515,1914.621536158555,2053.34,2192.0584638414452,13.511494817365374,0.9448218232183468,122.6911278509056,2170.15
2016-08-01 02:30:00,OANDA:SPX500USD,2176.75,2193.85,2147.45,2170.15,302130.0,62.7910892452617,2058.1050000000005,1855.699,2042.810178943177,70.41988131880225,-0.962573742858325,71.38245506166058,1910.043028977182,2058.1050000000005,2206.166971022819,14.38818437570662,0.8783719723099321,117.24176157584093,2162.35
2016-09-01 02:30:00,OANDA:SPX500USD,2170.15,2190.25,2107.95,2162.35,575767.0,62.047170451087005,2066.53,1871.4140000000002,2054.194923805732,71.76953665633573,0.30966527574011593,71.45987138059562,1914.7338402815567,2066.53,2218.3261597184437,14.690922436978267,0.8156206328860025,114.74592146328088,2127.35
2016-10-03 02:30:00,OANDA:SPX500USD,2162.35,2169.35,2112.35,2127.35,410537.0,58.68724704923254,2067.5950000000003,1885.814,2061.162073919472,69.21704967968708,-1.7942573607268315,71.01130704041391,1914.3395136209892,2067.5950000000003,2220.8504863790113,14.824517023789571,0.6949522376387282,110.62121278733225,2199.25
2016-11-01 02:30:00,OANDA:SPX500USD,2127.35,2214.25,2031.45,2199.25,843543.0,63.10699002480059,2074.2900000000004,1900.984,2074.3133049747603,72.16405219450985,0.9221961232767484,71.2418560712331,1910.1360619771033,2074.2900000000004,2238.443938022898,15.827481983994254,0.8806183436871592,115.77684044537995,2238.75
2016-12-01 03:30:00,OANDA:SPX500USD,2199.25,2278.35,2179.75,2238.75,318546.0,65.30311120796262,2081.8950000000004,1917.661,2089.9739425962116,76.80157208852233,4.447772813831378,72.35379927469096,1901.9923658072853,2081.8950000000004,2261.7976341927156,17.282584779032092,0.9359441447421317,114.54992327070994,2281.15
2017-01-02 03:30:00,OANDA:SPX500USD,2238.75,2302.85,2238.75,2281.15,231526.0,67.53696515106924,2090.5225,1934.9750000000001,2108.181186158477,82.94206121245179,8.470609550208664,74.47145166224313,1889.8739345533622,2090.5225,2291.171065446638,19.19602065480164,0.9750283152427949,110.94635732280209,2365.75
2017-02-01 03:30:00,OANDA:SPX500USD,2281.15,2371.8,2268.0,2365.75,168797.0,71.48217277159549,2105.6025000000004,1954.0570000000002,2132.711549381479,93.55649501367952,15.268034681149118,78.2884603325304,1870.8615173807377,2105.6025000000004,2340.3434826192633,22.296799383479335,1.0541160667754907,110.43590322831623,2360.85
2017-03-01 03:30:00,OANDA:SPX500USD,2365.75,2401.8,2321.0,2360.85,324070.0,70.94438714933969,2118.425,1971.299,2154.4390208689574,100.41559277801798,17.701705956390057,82.71388682162792,1857.413880051354,2118.425,2379.4361199486466,24.641997705714978,0.9643959231462945,108.31905299772224,2382.85
2017-04-03 02:30:00,OANDA:SPX500USD,2360.85,2397.05,2325.2,2382.85,267709.0,71.96423443923564,2139.2275,1988.7510000000002,2176.1924474528664,106.4001782882201,18.949033173273747,87.45114511494636,1863.211527016352,2139.2275,2415.243472983648,25.805200520622336,0.9413195681512835,105.71412064074211,2415.05
2017-05-01 02:30:00,OANDA:SPX500USD,2382.85,2418.6,2346.2,2415.05,202355.0,73.43400346879977,2164.415,2005.687,2198.9407857906886,112.44507943395456,19.995147455206563,92.449931978748,1884.0705556575283,2164.415,2444.7594443424714,25.904869846353083,0.9470126037058579,103.33454059497483,2423.75
2017-06-01 02:30:00,OANDA:SPX500USD,2415.05,2453.2,2404.4,2423.75,258774.0,73.83315345984776,2181.62,2022.241,2220.3511871439564,116.59370478250457,19.315018243005255,97.27868653949932,1881.6319012886906,2181.62,2481.608098711309,27.501407093014297,0.9035660098519636,99.43921626676232,2470.25
2017-07-03 02:30:00,OANDA:SPX500USD,2423.55,2481.8,2407.4,2470.25,155545.0,75.91599885778646,2200.755,2039.037,2244.151074082627,122.22475079880451,19.956851407444148,102.26789939136036,1878.068504107184,2200.755,2523.441495892816,29.32507215867427,0.9175802263654625,97.65070081913645,2470.75
2017-08-01 02:30:00,OANDA:SPX500USD,2470.25,2489.4,2416.4,2470.75,208804.0,75.93817754827974,2221.405,2056.371,2265.731924169996,125.28355037512165,18.41252078700903,106.87102958811262,1884.6965834294024,2221.405,2558.113416570598,30.314905797961003,0.8702684395887673,95.88993647491242,2519.35
2017-09-01 02:30:00,OANDA:SPX500USD,2470.75,2519.4,2445.8,2519.35,166586.0,78.0537083628065,2250.5950000000003,2072.9790000000003,2289.8860266299966,130.12923607878747,18.606565192539875,111.5226708862476,1917.02210273543,2250.5950000000003,2584.1678972645705,29.64308525208402,0.9028429800560792,94.29779815527581,2573.95
2017-10-02 02:30:00,OANDA:SPX500USD,2519.35,2582.2,2519.0,2573.95,118134.0,80.16375194278993,2282.785,2091.767,2316.939738379521,136.79831478019196,20.22051511515548,116.57779966503648,1955.214612063853,2282.785,2610.3553879361466,28.69918874849333,0.9444311981838186,92.07652685847039,2641.85
2017-11-01 02:30:00,OANDA:SPX500USD,2573.95,2658.4,2556.6,2641.85,199639.0,82.42656535657463,2311.8450000000003,2110.9269999999997,2347.8835728195663,145.8809455031701,23.44251667050689,122.4384288326632,1964.712309004322,2311.8450000000003,2658.9776909956786,30.030792807967515,0.9753297637474716,92.77106065429395,2666.05
2017-12-01 03:30:00,OANDA:SPX500USD,2641.85,2695.85,2605.4,2666.05,195187.0,83.16373142098442,2341.86,2129.053,2378.185137312941,153.26499013794592,24.661249044226167,128.60374109371975,1980.791212851847,2341.86,2702.9287871481533,30.836069376320804,0.9489310784249247,92.60527060755865,2824.95
2018-01-01 03:30:00,OANDA:SPX500USD,2666.05,2876.65,2666.05,2824.95,274170.0,87.0152738942446,2378.275,2149.435,2420.734171854566,169.9793841949595,33.10051448099179,136.8788697139677,1976.702397270226,2378.275,2779.8476027297743,33.77007307647553,1.0561572141172386,101.0334655641616,2718.55
2018-02-01 03:30:00,OANDA:SPX500USD,2824.95,2835.85,2528.2,2718.55,3109681.0,74.69347965512237,2409.485,2166.863,2449.097584058893,172.649870886979,28.61680093840903,144.03306994856996,2003.8198475716158,2409.485,2815.1501524283844,33.67235342227773,0.88093609735749,115.79178945243578,2632.15
2018-03-01 03:30:00,OANDA:SPX500USD,2718.55,2802.4,2581.4,2632.15,2248077.0,66.4631677289585,2432.255,2183.851,2466.5311474818554,165.88230495181506,17.479388002596068,148.402916949219,2030.4892422439777,2432.255,2834.0207577560222,33.03648324341175,0.7487705785536222,123.30666163440465,2641.8
2018-04-02 02:30:00,OANDA:SPX500USD,2632.15,2714.8,2547.4,2641.8,1775717.0,66.90183553956953,2455.8375,2199.46,2483.2234191502503,159.4594848607112,8.84525432919375,150.61423053151745,2063.5937306355,2455.8375,2848.0812693645003,31.943788574325474,0.7370496544805417,126.45618580337576,2705.8
2018-05-01 02:30:00,OANDA:SPX500USD,2641.8,2740.2,2588.0,2705.8,987605.0,69.72975483207128,2483.01,2216.17,2504.421188754988,157.71557185644815,5.681073059944538,152.0344987965036,2101.216028830914,2483.01,2864.8039711690863,30.75251176347143,0.7917673101513334,128.2950296745632,2717.6
2018-06-01 02:30:00,OANDA:SPX500USD,2705.8,2791.8,2689.8,2717.6,787469.0,70.23471813437955,2512.5225000000005,2232.858,2524.7239326830845,155.49324033622543,2.766993231777434,152.726247104448,2156.0750572438815,2512.5225000000005,2868.9699427561195,28.373671698949476,0.7876686369444839,126.41681326923727,2823.6
2018-07-02 02:30:00,OANDA:SPX500USD,2717.6,2846.8,2695.4,2823.6,658310.0,74.37078642205883,2543.7400000000002,2250.889,2553.1883200466004,160.4359351242424,6.167750415835513,154.2681847084069,2193.5072629446645,2543.7400000000002,2893.972737055336,27.53683450787704,0.8995343244509187,128.2013266071489,2906.0
2018-08-01 02:30:00,OANDA:SPX500USD,2823.6,2916.6,2788.8,2906.0,475751.0,77.04149959394314,2577.1025,2269.79,2586.7894324231147,169.0533064239794,11.82809737245799,157.2252090515214,2222.1076483323523,2577.1025,2932.0973516676477,27.549921019256917,0.9632426335972888,128.17266042092396,2917.2
2018-09-03 02:30:00,OANDA:SPX500USD,2906.0,2942.0,2865.0,2917.2,499157.0,77.38643399955329,2608.9049999999997,2289.563,2618.2571055256753,174.77172204144836,14.037210391941557,160.7345116495068,2251.589914366799,2608.9049999999997,2966.2200856332006,27.391958360553634,0.9314049593703385,124.51747039085797,2702.2
2018-10-01 02:30:00,OANDA:SPX500USD,2917.2,2940.2,2599.8,2702.2,2780050.0,59.046676901757046,2625.7275,2303.5699999999997,2626.2516669041825,160.10926451050318,-0.500197711202901,160.60946222170608,2285.334072091694,2625.7275,2966.120927908306,25.927551728677553,0.6123295776741609,139.93765107722524,2762.6
2018-11-01 02:30:00,OANDA:SPX500USD,2702.2,2815.2,2624.6,2762.6,2569112.0,61.78653650254048,2645.815,2319.441,2639.2372224371175,151.61521072403048,-7.195401198140502,158.81061192217098,2324.3462176897897,2645.815,2967.2837823102104,24.30017082148301,0.6816428319427061,143.55639028599487,2507.0
2018-12-03 03:30:00,OANDA:SPX500USD,2762.6,2812.8,2315.6,2507.0,4188004.0,47.34987962530405,2652.0225,2329.286,2626.64320125263,122.84277301982502,-28.77427112187678,151.6170441417018,2347.5907783749562,2652.0225,2956.454221625044,22.958456922974356,0.261814407470621,168.81664812270955,2711.0
2019-01-01 03:30:00,OANDA:SPX500USD,2507.0,2712.0,2437.2,2711.0,2030370.0,56.15519520473445,2666.82,2342.134,2634.677182085713,115.17385147926734,-29.15455412994757,144.3284056092149,2382.801187798731,2666.82,2950.8388122012693,21.30018615439131,0.5777765382116516,176.38688754251604,2786.8
2019-02-01 03:30:00,OANDA:SPX500USD,2711.0,2813.4,2680.2,2786.8,864599.0,58.905334719031124,2684.9725,2356.3729999999996,2649.165069506121,113.89963828960799,-24.34301385568554,138.24265214529353,2420.640703965648,2684.9725,2949.304296034352,19.689720921488174,0.6926130369627705,173.30210986090776,2835.6
2019-03-01 03:30:00,OANDA:SPX500USD,2786.8,2861.4,2722.0,2835.6,888452.0,60.617989263304594,2703.24,2373.2079999999996,2666.920777172205,115.49619902945187,-18.19716249267333,133.6933615221252,2451.175877832207,2703.24,2955.3041221677927,18.649037611739463,0.7625522404015342,170.88053058512864,2952.2
2019-04-01 02:30:00,OANDA:SPX500USD,2835.6,2953.4,2835.6,2952.2,507525.0,64.4322004327568,2727.3125,2390.131,2694.0902269653284,124.73229420705638,-7.168853852055065,131.90114805911145,2476.7815672003094,2727.3125,2977.8434327996906,18.372000480303644,0.9488218230916146,167.08906411476232,2752.0
2019-05-01 02:30:00,OANDA:SPX500USD,2952.2,2958.2,2749.6,2752.0,1688780.0,54.64597468053404,2738.945,2403.864,2699.605443444821,114.57673009598238,-13.859534370503269,128.43626446648565,2508.251731556223,2738.945,2969.638268443777,16.845410801880067,0.5282951472491307,170.05413096370788,2949.2
2019-06-03 02:30:00,OANDA:SPX500USD,2752.0,2964.4,2728.4,2949.2,1091016.0,60.93929534875582,2757.7075,2421.115,2723.3763535929334,121.0454279565829,-5.912669207922207,126.9580971645051,2522.521006754166,2757.7075,2992.893993245834,17.056667050137396,0.9071077751047508,174.7645501805859,2971.0
2019-07-01 02:30:00,OANDA:SPX500USD,2949.2,3025.8,2949.2,2971.0,680417.0,61.57407445908368,2774.165,2438.3630000000003,2746.959558012654,126.47309234358818,-0.38800385673354754,126.86109620032173,2527.3371224053,2774.165,3020.9928775947,17.79475104002106,0.8987292722323892,167.75279659625838,2922.2
2019-08-01 02:30:00,OANDA:SPX500USD,2971.0,3010.8,2772.8,2922.2,2857431.0,59.25273339497777,2786.9725,2455.5240000000003,2763.6491239162106,125.39136965712669,-1.175781234556041,126.56715089168273,2537.2004471302953,2786.9725,3036.7445528697044,17.92425672443518,0.7707018228147053,172.77045398223993,2982.8
2019-09-02 02:30:00,OANDA:SPX500USD,2922.2,3023.4,2888.0,2982.8,1451614.0,61.20849182945696,2794.865,2473.092,2784.5206359241906,127.94909268446145,1.1055534342229691,126.84353925023848,2530.4911974519905,2794.865,3059.238802548009,18.918538287037784,0.8554342340063594,170.10113584065138,3034.0
2019-10-01 02:30:00,OANDA:SPX500USD,2982.8,3053.2,2853.0,3034.0,1448100.0,62.831690076419434,2810.6375,2494.4359999999997,2808.280575359982,132.57922790320617,4.588550922374154,127.99067698083202,2528.398223246896,2810.6375,3092.8767767531035,20.083648407388267,0.8956970528155662,172.2510547091763,3143.0
2019-11-01 02:30:00,OANDA:SPX500USD,3034.0,3154.2,3031.4,3143.0,676014.0,66.08529054101923,2836.1800000000003,2519.0699999999997,2840.1586158018886,143.39110902440825,12.320345634860985,131.07076338954727,2530.466356208936,2836.1800000000003,3141.8936437910647,21.558127043492615,1.0018094648888018,168.71883651566367,3236.4
2019-12-02 03:30:00,OANDA:SPX500USD,3143.0,3253.8,3069.2,3236.4,379210.0,68.62011461059642,2865.91,2542.205,2877.895890487423,157.6785815948724,21.286254564260105,136.3923270306123,2526.0481215536774,2865.91,3205.7718784463223,23.717554176252737,1.0450596602562403,169.85320533597343,3231.0
2020-01-01 03:30:00,OANDA:SPX500USD,3236.4,3339.8,3182.0,3231.0,230784.0,68.3022615684881,2892.17,2565.074,2911.5248532981445,166.64479421737406,24.201973749409376,142.44282046796468,2524.383533920035,2892.17,3259.956466079965,25.433253652445398,0.9606341331852198,168.99226209768963,2989.4
2020-02-03 03:30:00,OANDA:SPX500USD,3231.0,3398.2,2854.6,2989.4,440132.0,55.83973410522044,2905.76,2583.707,2918.9415339364164,152.49758422967716,8.043811009369989,144.45377322030717,2545.116444233646,2905.76,3266.4035557663547,24.822666411978577,0.6159593713275535,195.74995766214036,2569.1
2020-03-02 03:30:00,OANDA:SPX500USD,2989.4,3138.3,2179.3,2569.1,3172146.0,41.61441586973914,2893.035,2596.3779999999997,2885.6232926091384,106.14751846461968,-30.645003804550015,136.7925222691697,2503.391679837343,2893.035,3282.6783201626567,26.936647511188557,0.08431855079053704,250.26781782913034,2891.2
2020-04-01 02:30:00,OANDA:SPX500USD,2569.1,2972.4,2430.5,2891.2,1315992.0,51.75739280451723,2892.295,2615.5989999999997,2886.1544075987445,94.31829293969258,-33.979383463581684,128.29767640327427,2502.6991420570207,2892.295,3281.8908579429794,26.940257334952303,0.4985946975851056,271.09868798419245,3060.3
2020-05-01 02:30:00,OANDA:SPX500USD,2891.2,3068.8,2765.8,3060.3,686121.0,56.07197776246526,2899.45,2635.5919999999996,2902.7397021131496,97.46498755190441,-24.66615108109589,122.1311386330003,2502.7371992035046,2899.45,3296.162800796495,27.36469335884359,0.7027285225950055,273.3773531281787,3096.6
2020-06-01 02:30:00,OANDA:SPX500USD,3060.3,3233.2,2936.0,3096.6,950387.0,56.96181364982515,2919.17,2656.209,2921.2025876261832,101.71536096543923,-16.33262213404886,118.04798309948809,2524.53680268753,2919.17,3313.8031973124703,27.03735632474095,0.7248036926547653,275.0789707618802,3277.9
2020-07-01 02:30:00,OANDA:SPX500USD,3096.6,3293.1,3073.8,3277.9,573102.0,61.19029544784266,2944.935,2679.834,2955.173769757023,118.34895425563946,0.24077692492107872,118.10817733071838,2526.7586822381586,2944.935,3363.1113177618413,28.39969763419847,0.8981155625718976,271.09475856460307,3496.1
2020-08-03 02:30:00,OANDA:SPX500USD,3277.9,3527.1,3262.8,3496.1,1554432.0,65.5741559524195,2994.39,2707.8689999999997,3006.690553589687,147.4385335655611,23.46428498787418,123.97424857768692,2560.625776389729,2994.39,3428.154223610271,28.971792158688153,1.0783210932245728,270.6094186671314,3349.7
2020-09-01 02:30:00,OANDA:SPX500USD,3496.1,3588.8,3210.0,3349.7,5316853.0,60.625969032397755,3026.325,2731.328,3039.3581199144787,156.8706708190257,26.317137793070998,130.5535330259547,2586.40692688565,3026.325,3466.2430731143495,29.072758088728058,0.8675400259310827,278.33731733376493,3287.1
2020-10-01 02:30:00,OANDA:SPX500USD,3349.7,3550.4,3233.8,3287.1,4220085.0,58.59007403884881,3051.34,2753.6670000000004,3062.952584684528,157.47908979744943,21.540445417195798,135.93864438025363,2611.8728709975057,3051.34,3490.8071290024945,28.80486140531664,0.7682339411085528,281.07036609563886,3635.9
2020-11-02 03:30:00,OANDA:SPX500USD,3287.1,3674.8,3251.9,3635.9,5030799.0,65.53492240906172,3091.355,2783.138,3117.5190051907634,183.98563925578765,38.4375959004272,145.54804335536045,2592.8273595267756,3091.355,3589.8826404732245,32.25301788201125,1.0461532679342453,291.20105423166467,3759.8
2020-12-01 03:30:00,OANDA:SPX500USD,3635.9,3763.8,3608.6,3759.8,2633437.0,67.6127607557309,3131.735,2815.7870000000003,3178.688623744024,212.53993710199802,53.59351499731005,158.94642210468797,2555.840216938106,3131.735,3707.629783061894,36.778002165693714,1.045294920593593,281.4866932151172,3705.1
2021-01-01 03:30:00,OANDA:SPX500USD,3759.8,3871.2,3663.4,3705.1,3613388.0,65.72872809132087,3179.39,2845.9040000000005,3228.8230405303075,228.1258976698041,55.34358045209288,172.7823172177112,2578.602958651201,3179.39,3780.177041348799,37.792598036025716,0.9375177590546502,276.22335798546595,3812.1
2021-02-01 03:30:00,OANDA:SPX500USD,3705.1,3963.9,3665.1,3812.1,3547377.0,67.6289225543142,3222.535,2877.371,3284.3732271464687,246.27300754293037,58.79255226017531,187.48045528275506,2569.671870070713,3222.535,3875.398129929287,40.51860599989058,0.9515226645314288,277.83597527221843,3977.6
2021-03-01 03:30:00,OANDA:SPX500USD,3812.1,3995.4,3722.6,3977.6,5669762.0,70.36582645909752,3272.8650000000007,2911.3,3350.394824561091,270.8865778703889,66.72489807010709,204.16167980028183,2550.1821496357907,3272.8650000000007,3995.5478503642107,44.16209347860116,0.987582484934321,277.4762627527743,4189.0
2021-04-01 02:30:00,OANDA:SPX500USD,3977.6,4220.2,3976.3,4189.0,1673262.0,73.45330866204279,3336.2050000000004,2947.765,3430.2619841267015,303.9475053022111,79.8286604015434,224.11884490066768,2526.151958266889,3336.2050000000004,4146.258041733112,48.56134690362921,1.0263821972542944,275.07795827043327,4195.0
2021-05-03 02:30:00,OANDA:SPX500USD,4189.0,4245.5,4035.6,4195.0,2985715.0,73.5375785034305,3396.815,2984.448,3503.0941761146346,326.8647845687133,82.19675173443648,244.6680328342768,2519.493059991051,3396.815,4274.13694000895,51.655562049093014,0.954898574628065,270.4223898225452,4305.1
2021-06-01 02:30:00,OANDA:SPX500USD,4195.0,4306.1,4138.6,4305.1,1834092.0,75.09960624592892,3460.37,3022.893,3579.475683151336,349.8778690701756,84.16786898871902,265.7100000814566,2512.3962448669436,3460.37,4408.343755133056,54.79031173736082,0.9455450350951095,263.0707905495063,4403.7
2021-07-01 02:30:00,OANDA:SPX500USD,4305.1,4431.4,4234.2,4403.7,2160116.0,76.4408071772619,3523.4049999999997,3062.666,3657.973237136923,371.7863783625444,84.86110262487023,286.92527573767416,2499.6567590015675,3523.4049999999997,4547.153240998432,58.11130091479307,0.9299372466522988,258.3657340816844,4530.8
2021-08-02 02:30:00,OANDA:SPX500USD,4403.7,4545.0,4352.6,4530.8,1716582.0,78.07982953496168,3588.125,3104.8070000000002,3741.099595504835,394.85331437949935,86.34243091346013,308.5108834660392,2480.5447605400677,3588.125,4695.705239459932,61.73587817926813,0.925556075494656,253.65389593299267,4310.8
2021-09-01 02:30:00,OANDA:SPX500USD,4530.8,4551.0,4305.6,4310.8,3009430.0,69.11652450022952,3642.1150000000002,3141.618,3795.3567768853272,390.87608972748967,65.89216500916035,324.9839247183293,2503.0101875312394,3642.1150000000002,4781.219812468761,62.551831145845796,0.7935133767676616,253.0643319377789,4611.6
2021-10-01 02:30:00,OANDA:SPX500USD,4310.8,4612.3,4272.2,4611.6,3370255.0,73.58201213124408,3723.2250000000004,3184.435,3873.094226705772,407.30104374967596,65.85369522507727,341.4473485245987,2549.3249255742166,3723.2250000000004,4897.125074425784,63.05823980155825,0.8783861247451368,259.2811653707947,4588.6
2021-11-01 02:30:00,OANDA:SPX500USD,4611.6,4744.6,4559.8,4588.6,2108940.0,72.71622971139341,3824.2000000000003,3225.82,3941.237633686175,413.69323229982547,57.79670702018143,355.89652527964404,2723.1338238731764,3824.2000000000003,4925.266176126825,57.58413138051483,0.847118100879685,253.9610821300237,4773.4
2021-12-01 03:30:00,OANDA:SPX500USD,4588.6,4812.0,4492.2,4773.4,3284448.0,75.23734720508625,3918.3100000000004,3269.809,4020.4911923827294,428.72878478441817,58.26580760381927,370.4629771805989,2831.3533855556925,3918.3100000000004,5005.266614444308,55.480889181525086,0.8933413664524009,258.66386197787915,4500.1
2022-01-03 03:30:00,OANDA:SPX500USD,4773.4,4820.2,4222.0,4500.1,6702669.0,65.58533638529073,3990.3000000000006,3306.974,4066.1682216796125,413.8212685283647,34.68663307821265,379.1346354501521,2953.031118450187,3990.3000000000006,5027.568881549814,51.989518660241764,0.7457414895346579,282.9164432651735,4371.6
2022-02-01 03:30:00,OANDA:SPX500USD,4500.1,4594.0,4104.1,4371.6,6843289.0,61.5849053889733,4054.05,3341.085,4095.2569624720304,387.1749664072022,6.43226476564007,380.7427016415621,3094.218794444608,4054.05,5013.881205555392,47.35172015911949,0.6654197103418069,297.7009830319468,4548.7
2022-03-01 03:30:00,OANDA:SPX500USD,4371.6,4636.0,4135.9,4548.7,5683279.0,64.77397358606734,4117.59,3375.56,4138.442013665171,376.01361897430024,-3.783266133809491,379.79688510810973,3207.1148322123677,4117.59,5028.065167787633,44.223692392279595,0.7367500044221719,312.1580556725221,4142.5
2022-04-01 02:30:00,OANDA:SPX500USD,4548.7,4597.0,4124.6,4142.5,3491113.0,53.751932545875924,4149.91,3404.0389999999998,4138.828488554202,330.5804992593562,-39.373108679002826,369.953607938359,3287.714157306521,4149.91,5012.105842693479,41.552508015522214,0.4957028324464827,323.6039088387705,4133.5
2022-05-02 02:30:00,OANDA:SPX500USD,4142.5,4308.6,3811.2,4133.5,6499295.0,53.5345708153935,4189.1,3434.066,4138.321013453801,290.49950234013386,-63.56328447858016,354.062786818714,3413.1077238582834,4189.1,4965.092276141718,37.048161950859,0.46417490114950155,336.01791535028696,3777.9
2022-06-01 02:30:00,OANDA:SPX500USD,4133.5,4190.1,3636.0,3777.9,3034548.0,45.675422273143525,4213.64,3456.788,4103.995202648677,227.41952467020064,-101.31460971881074,328.7341343890114,3532.5083923444804,4213.64,4894.77160765552,32.329843444410045,0.18013523737370427,351.59520711098077,4130.5
2022-07-01 02:30:00,OANDA:SPX500USD,3777.9,4141.6,3721.6,4130.5,1216251.0,53.037459271746066,4238.370000000001,3485.282,4106.519469063089,203.53384957643266,-100.160227850063,303.69407742649565,3611.831714195396,4238.370000000001,4864.908285804606,29.565058539231106,0.4139158751795402,356.4812637459108,3959.6
2022-08-01 02:30:00,OANDA:SPX500USD,4130.5,4325.2,3952.1,3959.6,998278.0,49.53360518037559,4248.360000000001,3510.1220000000003,4092.527138676128,168.86747906619985,-107.86127868823667,276.7287577544365,3648.131792872408,4248.360000000001,4848.588207127594,28.25693712997923,0.25945815560562446,357.6683163354886,3592.6
2022-09-01 02:30:00,OANDA:SPX500USD,3959.6,4158.0,3583.6,3592.6,1636550.0,42.968755818779734,4242.735000000001,3525.5020000000004,4044.915030230782,110.50644827822589,-132.9778475809685,243.4842958591944,3619.406419672853,4242.735000000001,4866.063580327148,29.383337885922515,-0.02150263963412701,373.14915088295373,3875.1
2022-10-03 02:30:00,OANDA:SPX500USD,3592.6,3912.3,3489.0,3875.1,1821745.0,48.614280847836646,4245.885,3544.884,4028.7421702088027,86.05827374886485,-125.94081768826365,211.9990914371285,3631.141834887401,4245.885,4860.6281651126,28.957127435745413,0.1984228365254898,376.7313543913142,4085.7
2022-11-01 02:30:00,OANDA:SPX500USD,3875.1,4086.2,3696.2,4085.7,1250919.0,52.39737371861021,4251.29,3568.254,4034.166725427012,82.72299998655762,-103.42087316045672,186.14387314701435,3644.6310534132795,4251.29,4857.948946586721,28.539993582499463,0.3635229885492758,377.67911479193464,3845.4
2022-12-01 03:30:00,OANDA:SPX500USD,4085.7,4141.2,3763.4,3845.4,1131531.0,48.050449160814814,4234.110000000001,3591.118,4016.1889420530106,59.997950742737885,-100.91673792342118,160.91468866615907,3601.13370244757,4234.110000000001,4867.086297552431,29.898906620396264,0.19295058795799305,377.6877494496536,4071.7
2023-01-02 03:30:00,OANDA:SPX500USD,3845.4,4095.8,3794.6,4071.7,940417.0,52.08212494897215,4227.945,3617.2999999999997,4021.475709476533,59.56210930393081,-81.0820634897826,140.6441727937134,3590.9756147156686,4227.945,4864.914385284331,30.131394106798037,0.3773528181968627,372.22433877467836,3963.5
2023-02-01 03:30:00,OANDA:SPX500USD,4071.7,4194.2,3942.4,3963.5,932651.0,50.08086716566641,4210.865,3646.43,4015.954213335911,49.910528583453015,-72.58691536820832,122.49744395166134,3564.3583996347647,4210.865,4857.371600365235,30.706593555729537,0.308691048273711,363.62260029077277,4111.8
2023-03-01 03:30:00,OANDA:SPX500USD,3963.5,4114.7,3806.9,4111.8,1334066.0,52.760166701745774,4196.27,3674.446,4025.082383494396,53.61016729437824,-55.10982132582649,108.71998862020473,3554.934307951943,4196.27,4837.605692048058,30.566941214366917,0.4341452525975502,359.6352716985747,4173.5
2023-04-03 02:30:00,OANDA:SPX500USD,4111.8,4176.4,4050.6,4173.5,423622.0,53.86952256296762,4178.405000000001,3702.18,4039.2173945901677,60.819739876506446,-38.32019899495863,99.13993887146508,3556.7003028799963,4178.405000000001,4800.109697120005,29.75799124881404,0.49605520110856277,342.93275229153363,4183.1
2023-05-01 02:30:00,OANDA:SPX500USD,4173.5,4234.6,4044.6,4183.1,607167.0,54.0503297449432,4172.02,3729.13,4052.9204998672944,66.54097492089159,-26.0791711604588,92.62014608135038,3553.4252066854974,4172.02,4790.614793314504,29.6544500416826,0.5089557818136746,332.00898427070985,4447.7
2023-06-01 02:30:00,OANDA:SPX500USD,4183.1,4463.4,4171.4,4447.7,570075.0,58.839019780743065,4163.825000000001,3759.04,4090.5185474989808,91.37281462893225,-0.9978651619345129,92.37067979086676,3565.74765286343,4163.825000000001,4761.902347136571,28.7273046843501,0.7373229828542367,329.15119967994485,4597.4
2023-07-03 02:30:00,OANDA:SPX500USD,4447.7,4609.9,4379.1,4597.4,396087.0,61.29655949277919,4164.265,3795.9480000000003,4138.792971546697,121.72855440441845,23.48629969084135,98.2422547135771,3564.860375129778,4164.265,4763.669624870223,28.788015405850608,0.8613043527098058,322.12611398852016,4510.2
2023-08-01 02:30:00,OANDA:SPX500USD,4597.4,4601.8,4336.4,4510.2,727351.0,59.083660467387084,4151.1050000000005,3827.168,4174.165069494631,137.16819605866567,31.14075307607085,106.02744298259482,3598.261649292881,4151.1050000000005,4703.94835070712,26.635960820413818,0.8247710219727663,318.0742487036259,4295.3
2023-09-01 02:30:00,OANDA:SPX500USD,4510.2,4540.6,4243.2,4295.3,583469.0,53.91758719062373,4140.865,3853.654,4185.701729542761,130.5585911318376,19.624918519394214,110.93367261244339,3608.014187364476,4140.865,4673.715812635523,25.736207900306997,0.6449139199358187,316.597516653367,4187.2
2023-10-02 02:30:00,OANDA:SPX500USD,4295.3,4401.1,4104.4,4187.2,959168.0,51.47922009646033,4131.645,3878.9539999999997,4185.84442196726,115.26891671757767,3.4681952841074235,111.80072143347024,3609.32717590394,4131.645,4653.962824096061,25.28377070615024,0.5531812216978662,315.1762654638408,4565.0
2023-11-01 02:30:00,OANDA:SPX500USD,4187.2,4589.0,4175.1,4565.0,465410.0,58.53675271980036,4132.46,3910.598,4221.954477017997,132.11411292614866,16.250713194142733,115.86339973200593,3607.3587129284174,4132.46,4657.561287071582,25.413496419642655,0.9118633972620942,322.22796078785217,4774.6
2023-12-01 03:30:00,OANDA:SPX500USD,4565.0,4801.9,4544.6,4774.6,367135.0,61.8519647154814,4164.0650000000005,3945.4100000000003,4274.587383968665,160.52657020720926,35.73053638016266,124.7960338270466,3565.4720136869455,4164.0650000000005,4762.6579863130555,28.75041510221646,1.009975069838773,317.5902493030055,4846.1
2024-01-01 03:30:00,OANDA:SPX500USD,4774.6,4931.6,4667.4,4846.1,524173.0,62.940510920084726,4199.695,3979.472,4329.01715692403,186.66138351621976,49.492279751338515,137.16910376488124,3528.3511772714264,4199.695,4871.038822728573,31.971075172295766,0.9814261918526244,313.7766600670766,5091.2
2024-02-01 03:30:00,OANDA:SPX500USD,4846.1,5111.4,4846.1,5091.2,443919.0,66.47234155025798,4265.360000000001,4016.568,4401.605999121742,224.56231834788196,69.91457166640055,154.6477466814814,3515.4169413896007,4265.360000000001,5015.3030586104005,35.164349954536064,1.0506018027090163,310.31404149085677,5255.2
2024-03-01 03:30:00,OANDA:SPX500USD,5091.2,5271.9,5058.0,5255.2,542360.0,68.62682950729358,4321.595,4057.052,4482.900665872052,264.7802893031967,88.10603409737223,176.67425520582447,3454.680591610272,4321.595,5188.509408389728,40.120113448378575,1.0384643460558856,303.42732424150984,5030.6
2024-04-01 02:30:00,OANDA:SPX500USD,5255.2,5284.2,4930.0,5030.6,922180.0,62.685813772526835,4375.145,4097.876,4535.062507217571,275.35584729607126,78.94527367219743,196.41057362387383,3470.872862398639,4375.145,5279.417137601362,41.33678484262174,0.8624213180661716,307.0539439385448,5288.8
2024-05-01 02:30:00,OANDA:SPX500USD,5030.6,5350.0,5011.9,5288.8,485000.0,66.29787588863753,4459.955,4152.27,4606.847030339707,301.10073350363746,83.75212790381087,217.34860559982658,3546.5867362870945,4459.955,5373.323263712905,40.95863136345121,0.9537299099000266,309.2715193715059,5481.0
2024-06-03 02:30:00,OANDA:SPX500USD,5288.8,5533.0,5234.9,5481.0,579810.0,68.72483611166437,4540.25,4204.066000000001,4690.099694116878,333.17207473744475,92.65877531009451,240.51329942735023,3563.2320547895793,4540.25,5517.267945210421,43.038068177321556,0.9814394682368858,308.47355370211267,5539.8
2024-07-01 02:30:00,OANDA:SPX500USD,5480.4,5680.4,5398.6,5539.8,972632.0,69.44965602339833,4612.955,4253.656000000001,4771.023532772413,359.19295946777856,94.94372803234268,264.2492314354359,3564.5533624683785,4612.955,5661.356637531621,45.45466571998302,0.9420276384641021,306.56829986624746,5643.6
2024-08-01 02:30:00,OANDA:SPX500USD,5545.4,5652.3,5094.2,5643.6,2066398.0,70.73887375473853,4702.865,4304.5960000000005,4854.1260534607545,383.7666673394897,95.61394872324303,288.15271861624666,3623.649325198673,4702.865,5782.0806748013265,45.89609418094403,0.9358419831944995,324.5348498758012,5765.6
2024-09-02 02:30:00,OANDA:SPX500USD,5645.6,5784.4,5386.2,5765.6,1092722.0,72.22258423808371,4787.56,4354.35,4940.933095988302,408.37835678496776,96.18051053497686,312.1978462499909,3652.480377659491,4787.56,5922.63962234051,47.41787559176321,0.930824402425313,329.79664631324397,5713.8
2024-10-01 02:30:00,OANDA:SPX500USD,5765.4,5891.6,5682.9,5713.8,807902.0,70.58602597423942,4875.075000000001,4398.704,5014.53946779894,418.87494131592666,85.3416760527486,333.53326526317807,3737.61749749714,4875.075000000001,6012.5325025028615,46.664205268754245,0.8686841038695817,321.146885862298,6039.7
2024-11-01 02:30:00,OANDA:SPX500USD,5722.8,6049.0,5703.3,6039.7,852458.0,74.50093744598324,4971.47,4452.504,5112.173804199041,448.3229782981198,91.83177042795336,356.4912078701664,3780.8471464613704,4971.47,6162.09285353863,47.89822139281258,0.9486013336738546,322.9006797292767,5899.0
2024-12-02 03:30:00,OANDA:SPX500USD,6041.4,6102.1,5820.8,5899.0,879478.0,70.15935314861323,5057.745000000001,4504.742,5187.109632370561,455.06177675085655,78.85645510455208,376.20532164630447,3860.5371545705007,5057.745000000001,6254.952845429501,47.34156607063029,0.8513404139521811,319.929202605757,6036.4
2025-01-01 03:30:00,OANDA:SPX500USD,5906.2,6134.1,5776.4,6036.4,1363762.0,71.88256816288819,5150.41,4552.752,5267.99442928765,466.11625671524234,71.92874805515027,394.1875086600921,3951.3549195742544,5150.41,6349.465080425745,46.56153900080753,0.8694534198067921,322.6271167053458,5949.2
2025-02-03 03:30:00,OANDA:SPX500USD,5929.4,6152.5,5839.2,5949.2,1039472.0,69.15322519574751,5225.485000000001,4596.540000000001,5332.871150307874,462.5091825367381,54.65733910131678,407.8518434354213,4023.664349092627,5225.485000000001,6427.305650907374,45.998434629795064,0.8010910985152382,321.96089408353544,5608.2
2025-03-03 03:30:00,OANDA:SPX500USD,5963.2,5990.8,5495.3,5608.2,2807986.0,59.61982542790052,5276.025000000001,4634.602000000001,5359.092945516648,427.2100881514516,15.486595772824217,411.7234923786274,4100.693885399768,5276.025000000001,6451.356114600233,44.55365979502494,0.6413112423697651,334.35654450614004,5598.0
2025-04-01 02:30:00,OANDA:SPX500USD,5607.2,5737.1,4812.2,5598.0,5311511.0,59.35623345808193,5330.415,4670.32,5381.845998324587,393.87193627521356,-14.281244882731073,408.15318115794463,4204.670346752272,5330.415,6456.159653247728,42.23853689619768,0.6188479995121576,376.5382198985586,5903.4
2025-05-01 02:30:00,OANDA:SPX500USD,5601.6,5997.4,5579.4,5903.4,1971569.0,64.42742815946157,5410.82,4708.836,5431.5178080079595,387.62612570237525,-16.421644364455517,404.04777006683076,4369.84582751082,5410.82,6451.79417248918,38.47750146887829,0.7365956874905654,379.49977562009013,6204.4
2025-06-02 02:30:00,OANDA:SPX500USD,5890.8,6223.5,5857.8,6204.4,1300009.0,68.58750130416178,5511.68,4749.144,5505.125635816726,402.3266886358797,-1.3768651447608704,403.70355378064056,4585.306442064451,5511.68,6438.053557935549,33.61492531988609,0.8738880466017114,378.51407736151225,6343.6
2025-07-01 02:30:00,OANDA:SPX500USD,6202.0,6442.6,6185.4,6343.6,680333.0,70.31636294095276,5600.610000000001,4792.116,5584.980337167513,420.36357767340087,13.328019114208189,407.0355585591927,4716.360116527508,5600.610000000001,6484.8598834724935,31.57691335309878,0.9201244545728643,369.8487861214043,6464.8
2025-08-01 02:30:00,OANDA:SPX500USD,6341.2,6512.6,6216.2,6464.8,875146.0,71.77306120728701,5685.12,4835.3099999999995,5668.772686008702,439.37295139028083,25.869914264870488,413.50303712541034,4810.241620241712,5685.12,6559.998379758288,30.777833352973666,0.9455933636258166,364.6024442555898,6683.6
2025-09-01 02:30:00,OANDA:SPX500USD,6465.2,6710.3,6360.7,6683.6,776376.0,74.23155999936301,5776.995,4880.907999999999,5765.422906388826,466.7133672494856,42.568264099260205,424.1451031502254,4887.300162961647,5776.995,6666.689837038352,30.80130195848716,1.0095033500576103,363.5308410944763,6848.8
2025-10-01 02:30:00,OANDA:SPX500USD,6685.6,6929.4,6503.6,6848.8,1676405.0,75.93577911277492,5864.875,4927.268,5868.601677208938,495.99359771183117,57.47879564928462,438.51480206254655,4915.205963190989,5864.875,6814.544036809011,32.38497109687798,1.0180357376429228,367.9786381591565,6846.4
2025-11-03 03:30:00,OANDA:SPX500USD,6857.0,6885.6,6510.4,6846.4,2624251.0,75.85728799779581,5944.4349999999995,4977.9800000000005,5961.725326998563,513.0901475303435,59.66027637423758,453.42987115610595,4944.542329391341,5944.4349999999995,6944.327670608658,33.64130217955646,0.9510309088729255,368.4944497192168,6858.0
2025-12-01 03:30:00,OANDA:SPX500USD,6852.0,6953.3,6728.6,6858.0,1230473.0,75.98648759628325,6035.805,5022.908,6047.084819665367,521.5630552510538,54.50654727595827,467.05650797509554,5053.700118742632,6035.805,7017.909881257368,32.542631223419846,0.9185881852798455,358.2234175964156,6942.8
2026-01-01 03:30:00,OANDA:SPX500USD,6864.6,7020.6,6789.2,6942.8,1504653.0,76.9572907889967,6118.505000000001,5069.992,6132.391027316285,529.0223071091486,49.57263930724247,479.4496678019062,5122.792597060026,6118.505000000001,7114.217402939976,32.54757176597795,0.9139222317439039,349.1646020538145,6868.8
2026-02-02 03:30:00,OANDA:SPX500USD,6915.4,7008.4,6735.4,6868.8,2915565.0,74.14051888640354,6187.895,5111.900000000001,6202.525215190924,522.934572159118,34.787923485769454,488.1466486733486,5185.835471407919,6187.895,7189.954528592082,32.387735363708714,0.8397527694570641,343.7242733356849,6667.4
